Link,Title,Views,UploadTime
https://www.youtube.com//watch?v=28DtDOGF3eg,Russell's Dramatic Crash! | The Top 10 Onboards | 2024 Australian Grand Prix | Qatar Airways,217K,17 hours ago
https://www.youtube.com//watch?v=hOsCKttB7IA,11 Times F1 Winning Streaks Ended,338K,19 hours ago
https://www.youtube.com//watch?v=aYL_Akcbn2w,What Next For Sensational Sainz? | 2024 Australian GP Review | F1 Nation Podcast,52K,1 day ago
https://www.youtube.com//watch?v=bYfc9NN5baU,"Sainz Glory, Verstappen Chaos And The Best Team Radio | 2024 Australian Grand Prix | Paramount+",548K,1 day ago
https://www.youtube.com//watch?v=PZnDUIipakU,Carlos Sainz's AMAZING Recovery | From Hospital Bed To Race Winner In JUST 16 days!,221K,1 day ago
https://www.youtube.com//watch?v=GZntP127WTI,Drivers' Reaction After the Race | 2024 Australian Grand Prix,1M,3 days ago
https://www.youtube.com//watch?v=hxbrSEXgF1Q,Verstappen DRAMA In The Opening Laps | 2024 Australian Grand Prix,530K,3 days ago
https://www.youtube.com//watch?v=9z8sEadieXA,Race Highlights | 2024 Australian Grand Prix,7.5M,3 days ago
https://www.youtube.com//watch?v=b1HgyzFJ8HM,F2 Feature Race Highlights | 2024 Australian Grand Prix,348K,3 days ago
https://www.youtube.com//watch?v=ChSBxxPQSvA,F3 Feature Race Highlights | 2024 Australian Grand Prix,112K,3 days ago
https://www.youtube.com//watch?v=uEzvDFCQtNA,Beyond Repair: How Teams & Drivers Deal With Intense Mishaps! | F1 TV Tech Talk,153K,4 days ago
https://www.youtube.com//watch?v=p2hMX6F0VHo,Drivers' Post-Qualifying Reaction | 2024 Australian Grand Prix,579K,4 days ago
https://www.youtube.com//watch?v=VsdTCkQBDMA,Max Verstappen's Pole Lap | 2024 Australian Grand Prix | Pirelli,241K,4 days ago
https://www.youtube.com//watch?v=e91e2pkgUEo,F3 Sprint Race Highlights | 2024 Australian Grand Prix,125K,4 days ago
https://www.youtube.com//watch?v=9zyXOGRXqrc,F2 Sprint Race Highlights | 2024 Australian Grand Prix,685K,4 days ago
https://www.youtube.com//watch?v=Z3l5-co8x2A,Qualifying Highlights | 2024 Australian Grand Prix,3.7M,4 days ago
https://www.youtube.com//watch?v=IBrRfH5rGHQ,FP3 Highlights | 2024 Australian Grand Prix,593K,4 days ago
https://www.youtube.com//watch?v=EYip_s6dk8I,Charles Leclerc's Fastest Lap | Friday | FP2 2024 Australian Grand Prix,234K,5 days ago
https://www.youtube.com//watch?v=Fo8jl-_AZ-k,McLaren's MASTERPLAN For 2024 | F1 TV Tech Talk | Crypto.com,209K,5 days ago
https://www.youtube.com//watch?v=kP9pMgYBtOY,FP2 Highlights | 2024 Australian Grand Prix,1.8M,5 days ago
https://www.youtube.com//watch?v=yzvFaPdvcHo,FP1 Highlights | 2024 Australian Grand Prix,1.4M,5 days ago
https://www.youtube.com//watch?v=UfInyd_leX0,Looking Forward To A Weekend In Melbourne | Weekend Warm-Up | 2024 Australian Grand Prix,410K,6 days ago
https://www.youtube.com//watch?v=N3-kUFdY6s4,“The Atmosphere Is Fantastic!” | The Drivers Chat Ahead Of Race Weekend | 2024 Australian Grand Prix,254K,6 days ago
https://www.youtube.com//watch?v=qu0rXTe1Q6Y,"Evolution Of Racing In Australia, Albert Park Circuit (1996-2024) | Formula 1",292K,6 days ago
https://www.youtube.com//watch?v=JKeX2zy71Uw,Oscar Piastri: Building Up To More Wins | Beyond the Grid 2024,90K,7 days ago
https://www.youtube.com//watch?v=i_40qRldfzk,1 Hour Of INTENSE Australian Moments In Formula 1,325K,8 days ago
https://www.youtube.com//watch?v=95FWVRu-OLE,Max's Move? Fernando's Future? 2025 Predictions + Australia Preview | F1 Nation Podcast,61K,8 days ago
https://www.youtube.com//watch?v=V61V24dUEyk,Race Highlights | 2003 Australian Grand Prix | Extended,502K,10 days ago
https://www.youtube.com//watch?v=Jv9WIRAdVfc,Who Goes Where In 2025? The Driver Line-up Predictions,282K,12 days ago
https://www.youtube.com//watch?v=RTB6VbMCu8o,"Chasing The Dream: Spins, Subs, And Sharks | Behind The Scenes F2 | 2024",87K,13 days ago
https://www.youtube.com//watch?v=mM6RuLvaJhY,Alex Albon: Thriving With Williams | Beyond the Grid 2024,103K,13 days ago
https://www.youtube.com//watch?v=Sd-EYP4AXHU,How Haas' Antics Secured Points in Saudi Arabia! | Jolyon Palmer's Analysis | Workday,182K,2 weeks ago
https://www.youtube.com//watch?v=Llxg3Yt-0Mg,Zhou & Stroll In The Wall! | The Top 10 Onboards | 2024 Saudi Arabian Grand Prix | Qatar Airways,471K,2 weeks ago
https://www.youtube.com//watch?v=3EIQ1sr1Ff8,Bearman’s Brilliant Debut + F1 Academy Begins | 2024 Saudi Arabian GP Review | F1 Nation Podcast,53K,2 weeks ago
https://www.youtube.com//watch?v=evY5KU7-Blk,Alonso's Kiss And The Best Team Radio | 2024 Saudi Arabian Grand Prix | Paramount+,503K,2 weeks ago
https://www.youtube.com//watch?v=UxlDCNbnVbA,"Oliver Bearman's 48 Hours in F1, From F2 Pole to F1 Points For Ferrari!",469K,2 weeks ago
https://www.youtube.com//watch?v=HAwqYVAEJZM,F1 Academy Race Highlights | 2024 Jeddah,152K,2 weeks ago
https://www.youtube.com//watch?v=G0kZsTCcmko,Drivers' Reaction After the Race | 2024 Saudi Arabian Grand Prix,782K,2 weeks ago
https://www.youtube.com//watch?v=KXnHKdL98s8,Oliver Bearman Interview on F1 Debut | 2024 Saudi Arabian Grand Prix,402K,2 weeks ago
https://www.youtube.com//watch?v=OJ56MAGFPGM,Race Highlights | 2024 Saudi Arabian Grand Prix,5.7M,2 weeks ago
https://www.youtube.com//watch?v=ChUkB5hek04,F2 Feature Race Highlights | 2024 Saudi Arabian Grand Prix,284K,2 weeks ago
https://www.youtube.com//watch?v=jTShoFTVzd8,Drivers' Post-Qualifying Reaction | 2024 Saudi Arabian Grand Prix,694K,2 weeks ago
https://www.youtube.com//watch?v=yeLqSjYLwhs,F2 Sprint Race Highlights | 2024 Saudi Arabian Grand Prix,430K,2 weeks ago
https://www.youtube.com//watch?v=Z65Eh6-rCJo,Max Verstappen's Pole Lap | 2024 Saudi Arabian Grand Prix | Pirelli,524K,2 weeks ago
https://www.youtube.com//watch?v=mquz3QK0SNY,Qualifying Highlights | 2024 Saudi Arabian Grand Prix,4M,2 weeks ago
https://www.youtube.com//watch?v=d0d8gp7wCYo,FP3 Highlights | 2024 Saudi Arabian Grand Prix,850K,2 weeks ago
https://www.youtube.com//watch?v=f1n0qOMNJac,Alpine's EARLY Issues & Updates | F1 TV Tech Talk | Crypto.com,248K,2 weeks ago
https://www.youtube.com//watch?v=0QPxHdutULQ,Alonso's Fastest Lap | Thursday | FP2 2024 Saudi Arabian Grand Prix,264K,2 weeks ago
https://www.youtube.com//watch?v=daPzs30cFMI,FP2 Highlights | 2024 Saudi Arabian Grand Prix,1.3M,2 weeks ago
https://www.youtube.com//watch?v=OQ8woZ-sVhA,FP1 Highlights | 2024 Saudi Arabian Grand Prix,1.4M,2 weeks ago
https://www.youtube.com//watch?v=MkovUn9hMyw,The Drivers Look Forward To Exciting Weekend In Jeddah! | 2024 Saudi Arabian Grand Prix,274K,2 weeks ago
https://www.youtube.com//watch?v=t7oYr2p1N-Q,All Eyes On Jeddah! | Weekend Warm-Up | 2024 Saudi Arabian Grand Prix,485K,2 weeks ago
https://www.youtube.com//watch?v=IwmFK5KNas4,Chasing The Dream: A New Beginning | Behind The Scenes F2 | 2024,48K,2 weeks ago
https://www.youtube.com//watch?v=JVeaml77Kdo,"Laurent Mekies on Ricciardo, Tsunoda and RB's mission | Beyond the Grid 2024",49K,3 weeks ago
https://www.youtube.com//watch?v=VrxuQksN414,What are Power Units? | F1 Explained,138K,3 weeks ago
https://www.youtube.com//watch?v=d_Jj97tBgac,Unbeatable In Bahrain: Maloney’s F2 Masterclass | 2024 Bahrain Grand Prix,73K,3 weeks ago
https://www.youtube.com//watch?v=40VsTYaaWN8,Sainz Battles Teammate Leclerc | The Top 10 Onboards | 2024 Bahrain Grand Prix | Qatar Airways,253K,3 weeks ago
https://www.youtube.com//watch?v=bwYsgSWxvZE,Behind The Scenes F1 Drivers Opening Titles,751K,3 weeks ago
https://www.youtube.com//watch?v=uByTtgp948U,Will Red Bull stay ahead? How did Sainz stun Leclerc? | 2024 Bahrain GP Review | F1 Nation Podcast,52K,3 weeks ago
https://www.youtube.com//watch?v=gdL4F2EXihM,Ricciardo & Tsunoda DRAMA And The Best Team Radio | 2024 Bahrain Grand Prix | Paramount+,1.3M,3 weeks ago
https://www.youtube.com//watch?v=kniQ53dYJ3Y,Drivers' Reaction After the Race | 2024 Bahrain Grand Prix,1.1M,3 weeks ago
https://www.youtube.com//watch?v=FlJpaze9YM8,Meilleurs moments | Grand Prix de Bahreïn 2024,8K,3 weeks ago
https://www.youtube.com//watch?v=9Y5wMpKXNK4,Race Highlights | 2024 Bahrain Grand Prix,5.8M,3 weeks ago
https://www.youtube.com//watch?v=QDNc5OU8jkM,F2 Feature Race Highlights | 2024 Bahrain Grand Prix,332K,3 weeks ago
https://www.youtube.com//watch?v=L0dFPX-NW0Y,F3 Feature Race Highlights | 2024 Bahrain Grand Prix,97K,3 weeks ago
https://www.youtube.com//watch?v=3nDCR4xiGlI,F2 Sprint Race Highlights | 2024 Bahrain Grand Prix,475K,3 weeks ago
https://www.youtube.com//watch?v=syFtLa_BulU,Drivers' Post-Qualifying Reaction | 2024 Bahrain Grand Prix,679K,3 weeks ago
https://www.youtube.com//watch?v=cIQrSKKz5Bw,F3 Sprint Race Highlights | 2024 Bahrain Grand Prix,149K,3 weeks ago
https://www.youtube.com//watch?v=r7Mikgrm52k,Max Verstappen's Pole Lap | 2024 Bahrain Grand Prix | Pirelli,402K,3 weeks ago
https://www.youtube.com//watch?v=DnT5ot8_arI,Qualifying Highlights | 2024 Bahrain Grand Prix,3.6M,3 weeks ago
https://www.youtube.com//watch?v=qhF1wuVJSU8,FP3 Highlights | 2024 Bahrain Grand Prix,929K,3 weeks ago
https://www.youtube.com//watch?v=gbOIwkI4H5E,Meet The 2024 Formula 1 Drivers!,668K,3 weeks ago
https://www.youtube.com//watch?v=Z17-Oqu7ChU,Have Red Bull crafted the PERFECT car? | Innovation Insights | Aramco,110K,3 weeks ago
https://www.youtube.com//watch?v=UCJzmMFXd2U,Mercedes' Secret Weapons REVEALED | F1 TV Tech Talk | Crypto.com,795K,3 weeks ago
https://www.youtube.com//watch?v=V74M88rRny0,20 Years of Racing in Bahrain | Evolution of Bahrain International Circuit (2004-2024) | Formula 1,306K,3 weeks ago
https://www.youtube.com//watch?v=zYpKWBXhcik,"Everything you need to know about Formula One | Race, Rules & Details | F1 Explained",278K,3 weeks ago
https://www.youtube.com//watch?v=S5t8n7tm18s,Hamilton's Fastest Lap | Thursday | FP2 2024 Bahrain Grand Prix,455K,3 weeks ago
https://www.youtube.com//watch?v=4RoHER3quBo,FP2 Highlights | 2024 Bahrain Grand Prix,2M,3 weeks ago
https://www.youtube.com//watch?v=AoLatDbBy8Y,FP1 Highlights | 2024 Bahrain Grand Prix,1.9M,3 weeks ago
https://www.youtube.com//watch?v=kXwdf8osuFw,The 2024 F1 Opening Titles!,1.1M,3 weeks ago
https://www.youtube.com//watch?v=FRKJFteF6VM,Chasing The Dream: The Shakedown | Behind The Scenes F2 | 2024,73K,3 weeks ago
https://www.youtube.com//watch?v=k8AUOtVYKTE,The drivers look ahead to the opening weekend! | 2024 Bahrain Grand Prix,281K,3 weeks ago
https://www.youtube.com//watch?v=pRsTU5sw9yA,The Season BEGINS! | Weekend Warm-Up | 2024 Bahrain Grand Prix,659K,3 weeks ago
https://www.youtube.com//watch?v=2so0AhnHMTo,Meet The 2024 F3 Grid... Speed Dating Style!,92K,3 weeks ago
https://www.youtube.com//watch?v=kvfADWsZ-dM,Speed Dating With The 2024 F2 Grid!,78K,3 weeks ago
https://www.youtube.com//watch?v=bOtKatrpk94,'I want to be the best I possibly can' | Sergio Perez | Beyond the Grid 2024,152K,3 weeks ago
https://www.youtube.com//watch?v=vN6uDj7l6vM,Alonso Comes to Life! Reacting to Aston Martin's Dream Bahrain Podium,84K,4 weeks ago
https://www.youtube.com//watch?v=d8B7uXeI6P0,Behind The Scenes F1 Drivers Hero Shoots,267K,4 weeks ago
