Job Title,Company Name,Location
DATA SCIENTIST SENIOR,TOTALENERGIES DIGITAL FACTORY,Paris
ANALYSTE SOC H/F,SYSDREAM,Tremblay-en-France
Data Engineer Confirm√©(e) H/F - Lyon,EVOTEO,Lyon
Expert Big Data F/H,ORANGE,Rennes
Expert Business Intelligence F/H,ORANGE,Rennes
Senior Data Analyst (H/F),VROOMLY,Paris
Architecte Big Data F/H,ORANGE,Rennes
Analyste Production Big Data,LA S√âCURIT√â SOCIALE,Rouen
Senior Data Analyst,ORNIKAR,Paris
Data Engineer (H/F),WEMANITY,Lille
Ing√©nieur √©nergie datacenters F/H,BOUYGUES TELECOM,V√©lizy-Villacoublay
Senior Data Manager,KANBIOS,Paris
Machine Learning Engineer (f/m/d) - Pricing Analytics- Remote-friendly üöÄ,FREE2MOVE,Paris
Consultant(e) MSBI - Secteur ETEMS F/H,CGI,Paris
Data Analyst Senior,EXOTEC,Lille
Ing√©nieur d√©veloppement SCALA / AWS - F/H,CS,Fontaine
Senior Consultant √† Manager ‚Äì Data Management F/H,IN EXTENSO,Paris
Senior Consultant √† Manager ‚Äì Data Governance F/H,IN EXTENSO,Paris
Principal Data Architect (F/H/X),AVIV GROUP,Paris
Principal Data Architect (F/H/X),SELOGER & MEILLEURS AGENTS,Paris
Data Engineer (H/F),EXTIA,Sophia-Antipolis
Architecte solution Big Data & Datascience - Services Publics - Nantes,SOPRA STERIA,Nantes
Expert produit Big Data & Data Science - Services Publics - Nantes,SOPRA STERIA,Nantes
Ing√©nieur Data - Services Publics - Nantes,SOPRA STERIA,Nantes
Machine Learning Engineer,LUCKY CART,Paris
Consultant BI Confirm√©(e) H/F - Lyon,EVOTEO,Lyon
Data Analyst Confirm√©(e) H/F - Lyon,EVOTEO,Lyon
Gestionnaire Data H/F,LEASECOM,Carquefou
Ing√©nieur Data - Services Publics - Nantes,SOPRA STERIA,Nantes
Data Scientist H/F,MALOU,Paris
Data Analyst (H/F),HARRY HOPE,Nancy
Data Analyst ESG F/H,BPIFRANCE.IO,Maisons-Alfort
D√©veloppeur Big Data F/H,BPIFRANCE.IO,Maisons-Alfort
Back office Data Repository Manager - CDI - Paris,GIREVE,S√®vres
